id,quality_grade,image_url,scientific_name,common_name
20884183,research,https://inaturalist-open-data.s3.amazonaws.com/photos/32223519/medium.jpg,Phylloscopus collybita,Пеночка-теньковка
37447140,research,https://inaturalist-open-data.s3.amazonaws.com/photos/59365652/medium.jpeg,Phylloscopus collybita,Пеночка-теньковка
37481142,research,https://inaturalist-open-data.s3.amazonaws.com/photos/59425931/medium.jpeg,Phylloscopus collybita,Пеночка-теньковка
37481152,research,https://inaturalist-open-data.s3.amazonaws.com/photos/59425970/medium.jpeg,Phylloscopus collybita,Пеночка-теньковка
39532153,research,https://inaturalist-open-data.s3.amazonaws.com/photos/62728803/medium.jpg,Phylloscopus collybita,Пеночка-теньковка
41422360,research,https://inaturalist-open-data.s3.amazonaws.com/photos/65711595/medium.jpg,Phylloscopus collybita,Пеночка-теньковка
63840359,research,https://inaturalist-open-data.s3.amazonaws.com/photos/102528760/medium.jpeg,Phylloscopus collybita,Пеночка-теньковка
75785670,research,https://inaturalist-open-data.s3.amazonaws.com/photos/124016459/medium.jpg,Phylloscopus collybita,Пеночка-теньковка
75785671,research,https://inaturalist-open-data.s3.amazonaws.com/photos/124016501/medium.jpg,Phylloscopus collybita,Пеночка-теньковка
83248675,research,https://inaturalist-open-data.s3.amazonaws.com/photos/136709390/medium.jpeg,Phylloscopus collybita,Пеночка-теньковка
94119169,research,https://inaturalist-open-data.s3.amazonaws.com/photos/156089452/medium.jpeg,Phylloscopus collybita,Пеночка-теньковка
103594138,research,https://inaturalist-open-data.s3.amazonaws.com/photos/173418494/medium.jpeg,Phylloscopus collybita,Пеночка-теньковка
105663158,research,https://static.inaturalist.org/photos/177336481/medium.jpg,Phylloscopus collybita,Пеночка-теньковка
105663197,research,https://static.inaturalist.org/photos/177336715/medium.jpg,Phylloscopus collybita,Пеночка-теньковка
105663198,research,https://static.inaturalist.org/photos/177336718/medium.jpg,Phylloscopus collybita,Пеночка-теньковка
114800693,research,https://static.inaturalist.org/photos/193808598/medium.jpg,Phylloscopus collybita,Пеночка-теньковка
117482774,research,https://inaturalist-open-data.s3.amazonaws.com/photos/198410052/medium.jpeg,Phylloscopus collybita,Пеночка-теньковка
117482788,research,https://inaturalist-open-data.s3.amazonaws.com/photos/198410161/medium.jpeg,Phylloscopus collybita,Пеночка-теньковка
117482858,research,https://inaturalist-open-data.s3.amazonaws.com/photos/198410590/medium.jpeg,Phylloscopus collybita,Пеночка-теньковка
122806945,research,https://inaturalist-open-data.s3.amazonaws.com/photos/207953335/medium.jpeg,Phylloscopus collybita,Пеночка-теньковка
132990261,research,https://inaturalist-open-data.s3.amazonaws.com/photos/226460240/medium.jpeg,Phylloscopus collybita,Пеночка-теньковка
134021632,research,https://inaturalist-open-data.s3.amazonaws.com/photos/228378112/medium.jpeg,Phylloscopus collybita,Пеночка-теньковка
134869620,research,https://inaturalist-open-data.s3.amazonaws.com/photos/229956976/medium.jpg,Phylloscopus collybita,Пеночка-теньковка
135944979,research,https://inaturalist-open-data.s3.amazonaws.com/photos/231942625/medium.jpeg,Phylloscopus collybita,Пеночка-теньковка
136304442,research,https://static.inaturalist.org/photos/232603965/medium.jpg,Phylloscopus collybita,Пеночка-теньковка
142084279,research,https://inaturalist-open-data.s3.amazonaws.com/photos/243536346/medium.jpeg,Phylloscopus collybita,Пеночка-теньковка
142552072,research,https://inaturalist-open-data.s3.amazonaws.com/photos/244414775/medium.jpeg,Phylloscopus collybita,Пеночка-теньковка
154076850,research,https://static.inaturalist.org/photos/266191653/medium.jpg,Phylloscopus collybita,Пеночка-теньковка
155503566,research,https://static.inaturalist.org/photos/268806092/medium.jpg,Phylloscopus collybita,Пеночка-теньковка
159713859,research,https://static.inaturalist.org/photos/275956607/medium.jpg,Phylloscopus collybita,Пеночка-теньковка
159713868,research,https://static.inaturalist.org/photos/275957661/medium.jpg,Phylloscopus collybita,Пеночка-теньковка
160779987,research,https://static.inaturalist.org/photos/277853043/medium.jpg,Phylloscopus collybita,Пеночка-теньковка
160869807,research,https://inaturalist-open-data.s3.amazonaws.com/photos/278023747/medium.jpg,Phylloscopus collybita,Пеночка-теньковка
178851001,research,https://static.inaturalist.org/photos/311285675/medium.jpg,Phylloscopus collybita,Пеночка-теньковка
178851002,research,https://static.inaturalist.org/photos/311286136/medium.jpg,Phylloscopus collybita,Пеночка-теньковка
180803401,research,https://static.inaturalist.org/photos/315005037/medium.jpg,Phylloscopus collybita,Пеночка-теньковка
181636445,research,https://inaturalist-open-data.s3.amazonaws.com/photos/316541846/medium.jpg,Phylloscopus collybita,Пеночка-теньковка
181761292,research,https://static.inaturalist.org/photos/316778278/medium.jpg,Phylloscopus collybita,Пеночка-теньковка
181891753,research,https://inaturalist-open-data.s3.amazonaws.com/photos/317037096/medium.jpeg,Phylloscopus collybita,Пеночка-теньковка
182235432,research,https://inaturalist-open-data.s3.amazonaws.com/photos/317698674/medium.jpg,Phylloscopus collybita,Пеночка-теньковка
183127142,research,https://inaturalist-open-data.s3.amazonaws.com/photos/319433945/medium.jpeg,Phylloscopus collybita,Пеночка-теньковка
183258644,research,https://inaturalist-open-data.s3.amazonaws.com/photos/319685912/medium.jpg,Phylloscopus collybita,Пеночка-теньковка
183259560,research,https://inaturalist-open-data.s3.amazonaws.com/photos/319687431/medium.jpg,Phylloscopus collybita,Пеночка-теньковка
183514883,research,https://static.inaturalist.org/photos/320175582/medium.jpg,Phylloscopus collybita,Пеночка-теньковка
183886975,research,https://inaturalist-open-data.s3.amazonaws.com/photos/320884153/medium.jpg,Phylloscopus collybita,Пеночка-теньковка
184235786,research,https://inaturalist-open-data.s3.amazonaws.com/photos/321567511/medium.jpeg,Phylloscopus collybita,Пеночка-теньковка
184305511,research,https://inaturalist-open-data.s3.amazonaws.com/photos/321694514/medium.jpg,Phylloscopus collybita,Пеночка-теньковка
184724865,research,https://static.inaturalist.org/photos/322482673/medium.jpg,Phylloscopus collybita,Пеночка-теньковка
200196228,research,https://inaturalist-open-data.s3.amazonaws.com/photos/353136385/medium.jpg,Phylloscopus collybita,Пеночка-теньковка
208957083,research,https://static.inaturalist.org/photos/369752330/medium.jpeg,Phylloscopus collybita,Пеночка-теньковка
220742339,research,https://inaturalist-open-data.s3.amazonaws.com/photos/390849571/medium.jpeg,Phylloscopus collybita,Пеночка-теньковка
223739469,research,https://inaturalist-open-data.s3.amazonaws.com/photos/396486898/medium.jpeg,Phylloscopus collybita,Пеночка-теньковка
225317050,research,https://static.inaturalist.org/photos/399460392/medium.jpg,Phylloscopus collybita,Пеночка-теньковка
234740474,research,https://inaturalist-open-data.s3.amazonaws.com/photos/417360802/medium.jpeg,Phylloscopus collybita,Пеночка-теньковка
234740832,research,https://inaturalist-open-data.s3.amazonaws.com/photos/417361706/medium.jpeg,Phylloscopus collybita,Пеночка-теньковка
238468714,research,https://static.inaturalist.org/photos/424545892/medium.jpg,Phylloscopus collybita,Пеночка-теньковка
241137387,research,https://static.inaturalist.org/photos/429718436/medium.jpg,Phylloscopus collybita,Пеночка-теньковка
244343321,research,https://inaturalist-open-data.s3.amazonaws.com/photos/435831422/medium.jpg,Phylloscopus collybita,Пеночка-теньковка
244343911,research,https://inaturalist-open-data.s3.amazonaws.com/photos/435832784/medium.jpg,Phylloscopus collybita,Пеночка-теньковка
258937216,research,https://inaturalist-open-data.s3.amazonaws.com/photos/464698215/medium.jpg,Phylloscopus collybita,Пеночка-теньковка
258937225,research,https://inaturalist-open-data.s3.amazonaws.com/photos/464698232/medium.jpg,Phylloscopus collybita,Пеночка-теньковка
258937240,research,https://inaturalist-open-data.s3.amazonaws.com/photos/464698256/medium.jpg,Phylloscopus collybita,Пеночка-теньковка
258937241,research,https://inaturalist-open-data.s3.amazonaws.com/photos/464698266/medium.jpg,Phylloscopus collybita,Пеночка-теньковка
273179689,research,https://static.inaturalist.org/photos/491368769/medium.jpg,Phylloscopus collybita,Пеночка-теньковка
276586120,research,https://static.inaturalist.org/photos/496672613/medium.jpg,Phylloscopus collybita,Пеночка-теньковка
278730359,research,https://static.inaturalist.org/photos/500488980/medium.jpg,Phylloscopus collybita,Пеночка-теньковка
279260691,research,https://static.inaturalist.org/photos/501456724/medium.jpg,Phylloscopus collybita,Пеночка-теньковка
286895564,research,https://inaturalist-open-data.s3.amazonaws.com/photos/515812080/medium.jpg,Phylloscopus collybita,Пеночка-теньковка
287066507,research,https://static.inaturalist.org/photos/516127381/medium.jpg,Phylloscopus collybita,Пеночка-теньковка
303408540,research,https://inaturalist-open-data.s3.amazonaws.com/photos/546846593/medium.jpg,Phylloscopus collybita,Пеночка-теньковка
305754998,research,https://inaturalist-open-data.s3.amazonaws.com/photos/551321147/medium.jpg,Phylloscopus collybita,Пеночка-теньковка
305755344,research,https://inaturalist-open-data.s3.amazonaws.com/photos/551322065/medium.jpg,Phylloscopus collybita,Пеночка-теньковка
307915689,research,https://static.inaturalist.org/photos/555463378/medium.jpg,Phylloscopus collybita,Пеночка-теньковка
307915699,research,https://static.inaturalist.org/photos/555463879/medium.jpg,Phylloscopus collybita,Пеночка-теньковка
308005433,research,https://inaturalist-open-data.s3.amazonaws.com/photos/555632719/medium.jpg,Phylloscopus collybita,Пеночка-теньковка
310049540,research,https://inaturalist-open-data.s3.amazonaws.com/photos/559526227/medium.jpg,Phylloscopus collybita,Пеночка-теньковка
312170991,research,https://inaturalist-open-data.s3.amazonaws.com/photos/563589506/medium.jpg,Phylloscopus collybita,Пеночка-теньковка
312755851,research,https://inaturalist-open-data.s3.amazonaws.com/photos/564717758/medium.jpg,Phylloscopus collybita,Пеночка-теньковка
314589252,research,https://static.inaturalist.org/photos/568195586/medium.jpg,Phylloscopus collybita,Пеночка-теньковка
314589256,research,https://static.inaturalist.org/photos/568196031/medium.jpg,Phylloscopus collybita,Пеночка-теньковка
314589299,research,https://static.inaturalist.org/photos/568199514/medium.jpg,Phylloscopus collybita,Пеночка-теньковка
314830111,research,https://inaturalist-open-data.s3.amazonaws.com/photos/568666510/medium.jpg,Phylloscopus collybita,Пеночка-теньковка
320495503,research,https://inaturalist-open-data.s3.amazonaws.com/photos/579447545/medium.jpg,Phylloscopus collybita,Пеночка-теньковка
320495597,research,https://inaturalist-open-data.s3.amazonaws.com/photos/579471804/medium.jpg,Phylloscopus collybita,Пеночка-теньковка
324002171,research,https://inaturalist-open-data.s3.amazonaws.com/photos/586350172/medium.jpg,Phylloscopus collybita,Пеночка-теньковка
